gender,nationality,place_of_birth,education_stage,grade,classroom_id,subject,semester,parent_involved,raised_hands,resource_visits,announcements_viewed,discussion_participation,parent_answered_survey,parent_school_satisfaction,absence_category,pass_fail_status
male,kuwait,kuwait,lowerschool,g-04,a,it,first,father,15,16,2,20,yes,good,low,pass
male,kuwait,kuwait,lowerschool,g-04,a,it,first,father,20,20,3,25,yes,good,low,pass
male,kuwait,kuwait,lowerschool,g-04,a,it,first,father,10,7,0,30,no,bad,high,fail
male,kuwait,kuwait,lowerschool,g-04,a,it,first,father,30,25,5,35,no,bad,high,fail
male,kuwait,kuwait,lowerschool,g-04,a,it,first,father,40,50,12,50,no,bad,high,pass
female,kuwait,kuwait,lowerschool,g-04,a,it,first,father,42,30,13,70,yes,bad,high,pass
male,kuwait,kuwait,middleschool,g-07,a,math,first,father,35,12,0,17,no,bad,high,fail
male,kuwait,kuwait,middleschool,g-07,a,math,first,father,50,10,15,22,yes,good,low,pass
female,kuwait,kuwait,middleschool,g-07,a,math,first,father,12,21,16,50,yes,good,low,pass
female,kuwait,kuwait,middleschool,g-07,b,it,first,father,70,80,25,70,yes,good,low,pass
male,kuwait,kuwait,middleschool,g-07,a,math,first,father,50,88,30,80,yes,good,low,pass
male,kuwait,kuwait,middleschool,g-07,b,math,first,father,19,6,19,12,yes,good,low,pass
male,kuwait,kuwait,lowerschool,g-04,a,it,first,father,5,1,0,11,no,bad,high,fail
male,lebanon,lebanon,middleschool,g-08,a,math,first,father,20,14,12,19,no,bad,high,fail
female,kuwait,kuwait,middleschool,g-08,a,math,first,mum,62,70,44,60,no,bad,high,pass
female,kuwait,kuwait,middleschool,g-06,a,it,first,father,30,40,22,66,yes,good,low,pass
male,kuwait,kuwait,middleschool,g-07,b,it,first,father,36,30,20,80,no,bad,high,pass
male,kuwait,kuwait,middleschool,g-07,a,math,first,father,55,13,35,90,no,bad,high,pass
female,kuwait,kuwait,middleschool,g-07,a,it,first,mum,69,15,36,96,yes,good,low,pass
male,kuwait,kuwait,middleschool,g-07,b,it,first,mum,70,50,40,99,yes,good,low,pass
female,kuwait,kuwait,middleschool,g-07,a,it,first,father,60,60,33,90,no,bad,high,pass
female,kuwait,kuwait,middleschool,g-07,b,it,first,father,10,12,4,80,no,bad,low,pass
male,kuwait,kuwait,middleschool,g-07,a,it,first,father,15,21,2,90,no,bad,low,pass
male,kuwait,kuwait,middleschool,g-07,a,it,first,father,2,0,2,50,no,bad,high,fail
male,kuwait,kuwait,middleschool,g-07,b,it,first,father,0,2,3,70,yes,good,high,fail
male,kuwait,kuwait,middleschool,g-07,a,it,first,father,8,7,30,40,yes,good,high,fail
male,kuwait,kuwait,middleschool,g-07,b,it,first,father,19,19,25,40,yes,bad,low,pass
male,kuwait,kuwait,middleschool,g-08,a,arabic,first,father,25,15,12,33,no,bad,high,fail
male,kuwait,kuwait,middleschool,g-08,a,science,first,father,75,85,52,43,yes,good,low,pass
female,kuwait,kuwait,middleschool,g-08,a,arabic,first,father,30,90,33,35,no,bad,low,pass
female,kuwait,kuwait,middleschool,g-08,a,arabic,first,father,35,80,50,70,yes,good,low,pass
male,kuwait,kuwait,middleschool,g-07,a,it,first,father,4,5,40,16,yes,good,high,fail
female,kuwait,kuwait,lowerschool,g-07,a,it,first,father,2,19,10,50,yes,good,high,fail
male,kuwait,kuwait,lowerschool,g-05,a,english,first,father,8,22,9,40,no,bad,high,fail
male,kuwait,kuwait,middleschool,g-07,b,science,first,father,12,11,8,40,no,bad,high,fail
male,kuwait,kuwait,middleschool,g-07,a,english,first,father,10,12,17,30,no,bad,high,fail
male,kuwait,kuwait,middleschool,g-07,b,science,first,mum,8,6,4,22,yes,good,high,fail
female,egypt,egypt,middleschool,g-07,a,it,first,father,45,54,26,90,yes,good,low,pass
male,kuwait,kuwait,middleschool,g-06,a,it,first,father,0,0,0,4,no,bad,high,fail
female,saudiarabia,saudiarabia,middleschool,g-07,b,science,first,father,50,90,37,70,yes,good,low,pass
female,kuwait,kuwait,middleschool,g-07,a,it,first,father,14,13,3,70,no,bad,high,fail
male,kuwait,kuwait,middleschool,g-07,a,it,first,father,19,20,16,50,no,good,low,pass
male,kuwait,kuwait,highschool,g-09,a,it,first,father,10,12,7,33,yes,good,high,fail
female,kuwait,kuwait,highschool,g-09,a,it,first,father,30,35,28,90,yes,good,low,pass
female,kuwait,kuwait,highschool,g-09,a,it,first,father,33,33,30,90,no,bad,low,pass
male,kuwait,kuwait,middleschool,g-07,a,quran,first,father,20,12,15,70,no,good,high,fail
male,kuwait,kuwait,lowerschool,g-05,a,english,first,father,7,10,1,30,no,bad,high,fail
female,kuwait,kuwait,highschool,g-12,a,english,first,mum,70,4,39,90,yes,good,low,pass
female,kuwait,kuwait,highschool,g-12,a,english,first,mum,13,80,40,88,yes,good,low,pass
female,kuwait,kuwait,highschool,g-12,a,english,first,father,29,39,50,77,yes,good,low,pass
female,kuwait,kuwait,highschool,g-12,a,english,first,father,20,14,12,70,no,bad,high,fail
male,kuwait,kuwait,highschool,g-12,a,english,first,father,39,15,16,50,no,good,high,fail
female,kuwait,kuwait,highschool,g-12,a,english,first,father,55,90,16,40,no,bad,low,pass
female,kuwait,kuwait,highschool,g-11,a,science,first,mum,49,70,19,75,yes,good,low,pass
male,kuwait,kuwait,highschool,g-12,a,english,first,mum,12,50,8,30,no,bad,high,fail
male,kuwait,kuwait,middleschool,g-07,a,math,first,father,16,14,6,20,yes,good,high,fail
male,usa,usa,middleschool,g-08,b,math,first,father,19,5,4,1,yes,good,high,fail
male,kuwait,kuwait,middleschool,g-07,a,math,first,father,5,2,6,5,yes,good,high,fail
male,kuwait,kuwait,middleschool,g-07,a,math,first,father,28,60,19,50,yes,good,low,pass
female,usa,usa,middleschool,g-07,a,math,first,father,27,22,22,40,no,good,low,pass
female,jordan,jordan,lowerschool,g-05,a,english,first,mum,21,10,28,20,no,good,high,fail
male,kuwait,kuwait,highschool,g-10,a,it,first,father,50,70,32,40,yes,good,low,pass
male,venzuela,venzuela,highschool,g-10,a,it,first,mum,80,90,70,80,yes,good,low,pass
male,kuwait,kuwait,highschool,g-10,a,it,first,father,17,13,16,12,yes,bad,low,pass
male,kuwait,kuwait,highschool,g-10,a,it,first,father,0,5,7,2,no,bad,high,fail
male,kuwait,kuwait,highschool,g-12,a,english,first,father,13,5,18,19,no,bad,high,fail
female,kuwait,kuwait,highschool,g-12,a,english,first,father,25,10,19,30,no,bad,high,pass
female,usa,usa,highschool,g-12,a,english,first,mum,65,75,23,80,yes,good,low,pass
female,usa,usa,highschool,g-12,a,it,first,mum,70,69,35,30,yes,good,low,pass
male,jordan,jordan,middleschool,g-07,a,it,first,father,39,40,11,33,no,bad,low,pass
male,jordan,jordan,middleschool,g-07,a,it,first,father,22,30,10,12,yes,good,high,fail
male,kuwait,kuwait,middleschool,g-07,a,it,first,father,29,22,9,20,yes,good,low,pass
male,kuwait,kuwait,middleschool,g-07,a,math,first,father,11,2,2,8,no,bad,low,fail
female,kuwait,kuwait,middleschool,g-07,a,english,first,father,19,30,26,19,yes,bad,high,pass
male,kuwait,kuwait,middleschool,g-07,b,it,first,father,12,0,6,13,no,bad,low,fail
male,jordan,jordan,middleschool,g-07,a,quran,first,mum,50,90,29,60,yes,good,low,pass
male,iran,iran,highschool,g-09,a,it,first,mum,15,70,37,44,yes,good,low,pass
male,kuwait,kuwait,highschool,g-09,a,it,first,father,20,80,33,33,yes,good,low,pass
male,kuwait,kuwait,highschool,g-11,a,quran,first,father,13,3,11,9,no,bad,high,fail
female,lebanon,lebanon,middleschool,g-07,b,math,first,mum,80,90,49,55,yes,bad,low,pass
male,kuwait,kuwait,middleschool,g-07,a,math,first,father,8,15,10,40,yes,bad,low,fail
male,kuwait,kuwait,lowerschool,g-02,a,it,first,father,8,25,1,70,no,bad,high,fail
male,kuwait,kuwait,lowerschool,g-02,b,it,first,father,7,5,2,80,yes,good,high,fail
male,kuwait,kuwait,lowerschool,g-02,b,it,first,father,7,4,10,50,no,good,high,pass
male,kuwait,kuwait,lowerschool,g-02,b,it,first,father,50,70,50,10,yes,good,high,pass
male,kuwait,kuwait,lowerschool,g-02,b,it,first,father,1,0,1,12,no,bad,high,fail
male,saudiarabia,saudiarabia,lowerschool,g-02,b,it,first,father,70,12,40,50,yes,good,low,pass
male,kuwait,kuwait,lowerschool,g-02,b,it,first,father,19,70,3,50,no,bad,low,fail
female,kuwait,kuwait,lowerschool,g-02,b,it,first,father,3,12,4,33,no,bad,low,fail
male,kuwait,kuwait,lowerschool,g-02,b,it,first,father,5,20,1,50,yes,good,high,fail
male,kuwait,kuwait,lowerschool,g-02,b,it,first,father,4,8,10,60,yes,good,high,fail
male,kuwait,kuwait,lowerschool,g-02,b,it,first,father,80,90,55,19,yes,good,low,pass
female,kuwait,kuwait,lowerschool,g-02,b,it,first,father,50,70,19,15,yes,good,low,pass
male,usa,usa,lowerschool,g-02,b,it,first,father,55,89,40,40,yes,good,low,pass
female,kuwait,kuwait,lowerschool,g-02,b,it,first,father,80,44,35,10,no,good,high,fail
female,kuwait,kuwait,lowerschool,g-02,b,it,first,father,100,80,2,70,no,bad,low,pass
female,kuwait,kuwait,lowerschool,g-02,c,it,first,father,14,60,11,75,yes,good,low,pass
female,kuwait,kuwait,lowerschool,g-02,b,it,first,father,6,2,38,12,no,bad,low,pass
female,kuwait,kuwait,lowerschool,g-02,c,it,first,father,10,3,0,30,no,bad,low,pass
male,kuwait,kuwait,lowerschool,g-02,b,it,first,father,50,7,9,50,yes,bad,high,pass
male,kuwait,kuwait,lowerschool,g-02,b,it,first,father,50,90,40,90,yes,bad,low,pass
female,kuwait,kuwait,lowerschool,g-02,b,it,first,mum,70,92,50,7,yes,good,low,pass
female,kuwait,kuwait,lowerschool,g-02,b,it,first,father,2,6,2,8,no,bad,high,fail
male,kuwait,kuwait,lowerschool,g-02,b,it,first,father,1,7,6,10,no,bad,high,fail
male,kuwait,kuwait,lowerschool,g-02,b,it,first,father,0,12,3,3,yes,good,high,pass
female,kuwait,kuwait,lowerschool,g-02,b,it,first,father,0,0,5,80,yes,good,high,fail
female,kuwait,kuwait,lowerschool,g-02,b,it,first,father,12,26,7,40,yes,good,low,pass
male,kuwait,kuwait,lowerschool,g-02,b,it,first,father,70,90,41,33,yes,bad,low,pass
male,saudiarabia,saudiarabia,lowerschool,g-02,b,it,first,father,7,12,5,3,no,bad,high,pass
male,kuwait,kuwait,lowerschool,g-02,b,it,first,father,90,70,30,14,no,bad,low,pass
female,jordan,jordan,lowerschool,g-02,b,it,first,mum,70,88,55,40,yes,good,low,pass
male,kuwait,kuwait,lowerschool,g-02,c,it,first,father,77,80,51,80,no,good,low,pass
male,kuwait,kuwait,lowerschool,g-02,b,it,first,father,2,5,3,50,no,bad,high,fail
male,kuwait,kuwait,lowerschool,g-02,b,it,first,father,25,27,0,69,no,bad,high,fail
male,kuwait,kuwait,lowerschool,g-02,b,it,first,father,11,2,0,50,no,bad,high,fail
male,kuwait,kuwait,lowerschool,g-02,b,it,first,father,0,8,11,70,yes,good,high,fail
female,kuwait,kuwait,lowerschool,g-02,c,it,first,mum,77,80,12,19,yes,good,high,pass
female,kuwait,kuwait,lowerschool,g-02,c,it,first,mum,25,29,40,17,no,good,low,pass
female,kuwait,kuwait,lowerschool,g-02,c,it,first,mum,24,35,23,22,yes,good,high,pass
male,kuwait,kuwait,lowerschool,g-02,c,it,first,father,60,60,3,60,no,bad,low,pass
male,kuwait,kuwait,lowerschool,g-02,c,it,first,mum,21,12,0,50,yes,good,low,pass
male,kuwait,kuwait,lowerschool,g-02,c,it,first,mum,0,4,8,30,no,bad,high,fail
female,kuwait,kuwait,lowerschool,g-02,b,it,first,father,66,90,55,12,yes,good,high,pass
female,lebanon,lebanon,lowerschool,g-02,b,it,first,father,70,98,7,5,yes,good,low,pass
male,kuwait,kuwait,lowerschool,g-02,c,it,first,father,0,6,4,15,yes,bad,low,fail
male,kuwait,kuwait,lowerschool,g-02,b,it,first,father,12,30,0,17,no,good,high,fail
female,iran,iran,lowerschool,g-02,c,it,first,father,2,9,7,55,yes,good,low,pass
male,kuwait,kuwait,lowerschool,g-02,b,it,first,father,55,33,6,9,no,bad,high,fail
male,kuwait,kuwait,lowerschool,g-02,c,it,first,father,12,10,20,16,no,bad,low,fail
male,kuwait,kuwait,lowerschool,g-02,b,it,first,father,70,90,2,2,yes,good,low,fail
female,kuwait,kuwait,lowerschool,g-02,c,it,first,father,7,9,5,30,no,bad,high,fail
male,jordan,jordan,lowerschool,g-02,c,it,first,father,80,42,20,50,yes,good,low,pass
male,kuwait,kuwait,lowerschool,g-02,c,it,second,father,0,3,10,3,no,bad,high,fail
male,kuwait,kuwait,lowerschool,g-02,a,it,second,father,12,60,0,70,yes,good,high,fail
male,kuwait,kuwait,middleschool,g-07,a,quran,second,father,80,80,15,70,yes,good,low,pass
female,egypt,egypt,middleschool,g-07,a,quran,second,mum,70,80,95,70,yes,good,low,pass
female,kuwait,usa,highschool,g-11,a,quran,second,mum,70,80,95,70,yes,good,low,pass
female,kuwait,usa,highschool,g-11,a,quran,first,mum,60,80,50,40,no,bad,low,pass
female,jordan,egypt,middleschool,g-07,a,quran,first,mum,100,80,95,90,no,bad,low,pass
male,jordan,usa,middleschool,g-07,a,quran,first,mum,100,85,85,70,no,bad,low,pass
male,tunis,tunis,middleschool,g-07,a,quran,first,father,10,60,5,20,yes,bad,high,fail
male,tunis,tunis,middleschool,g-07,a,quran,second,father,19,65,50,10,no,bad,high,fail
male,tunis,tunis,middleschool,g-07,a,quran,second,father,10,75,55,11,yes,good,low,pass
male,kuwait,kuwait,middleschool,g-07,a,quran,second,father,80,90,55,19,yes,good,low,pass
male,kuwait,kuwait,middleschool,g-07,a,quran,second,father,10,10,15,19,no,bad,high,fail
male,tunis,saudiarabia,middleschool,g-07,a,quran,second,father,70,75,55,11,yes,bad,low,pass
female,lebanon,lebanon,middleschool,g-07,a,quran,second,mum,100,75,50,70,yes,good,low,pass
female,lebanon,lebanon,middleschool,g-07,a,quran,second,father,10,79,30,30,no,bad,low,pass
female,jordan,jordan,middleschool,g-07,a,quran,second,father,60,55,30,40,no,bad,low,pass
female,jordan,lebanon,middleschool,g-07,a,quran,second,mum,100,75,50,70,yes,bad,low,pass
male,saudiarabia,saudiarabia,highschool,g-11,a,quran,second,father,80,80,51,59,yes,good,low,pass
male,saudiarabia,usa,highschool,g-11,a,science,second,father,23,63,71,89,yes,good,low,pass
female,saudiarabia,usa,highschool,g-11,b,science,second,father,100,91,98,40,yes,bad,low,pass
male,saudiarabia,usa,highschool,g-11,b,spanish,second,father,10,51,40,40,no,bad,high,fail
male,saudiarabia,usa,highschool,g-11,b,english,second,father,70,50,33,41,no,bad,high,pass
male,saudiarabia,usa,highschool,g-11,b,math,second,father,70,58,73,91,yes,bad,low,pass
female,tunis,usa,highschool,g-11,b,french,second,father,70,50,30,49,yes,good,low,pass
male,tunis,tunis,highschool,g-11,b,science,second,father,70,50,33,40,no,good,low,pass
male,tunis,kuwait,middleschool,g-07,b,science,second,father,22,51,48,10,no,bad,high,fail
female,kuwait,kuwait,middleschool,g-07,b,science,second,father,62,68,48,80,yes,good,low,pass
female,jordan,jordan,middleschool,g-07,b,science,second,mum,82,89,58,50,yes,good,low,pass
male,jordan,jordan,middleschool,g-07,b,science,second,mum,72,80,58,66,no,bad,low,pass
female,jordan,jordan,lowerschool,g-02,b,french,second,mum,70,82,3,73,no,bad,low,pass
female,jordan,usa,lowerschool,g-02,b,french,second,mum,60,82,93,43,no,bad,high,pass
male,jordan,jordan,lowerschool,g-02,b,french,second,mum,55,72,83,14,yes,good,high,pass
female,morocco,morocco,lowerschool,g-02,b,french,second,mum,72,65,73,66,yes,good,low,pass
male,kuwait,kuwait,lowerschool,g-02,b,french,second,mum,51,82,53,43,no,bad,low,pass
male,tunis,tunis,lowerschool,g-02,b,french,second,mum,80,92,83,43,yes,good,low,pass
male,kuwait,kuwait,lowerschool,g-02,b,french,second,mum,60,52,23,33,yes,good,low,pass
male,kuwait,kuwait,lowerschool,g-02,b,french,second,mum,30,12,29,23,no,bad,low,pass
male,kuwait,kuwait,lowerschool,g-02,b,french,second,father,40,62,83,33,yes,good,low,pass
male,kuwait,kuwait,lowerschool,g-02,b,french,second,mum,60,52,23,33,no,good,low,pass
male,iran,iran,lowerschool,g-02,b,french,second,mum,20,22,53,13,no,good,high,fail
male,syria,syria,lowerschool,g-02,b,french,second,mum,20,52,23,33,yes,good,high,fail
female,jordan,jordan,lowerschool,g-02,b,french,second,father,50,62,73,43,yes,bad,high,pass
male,iran,iran,lowerschool,g-02,b,french,second,father,10,2,13,53,no,bad,high,fail
male,tunis,tunis,lowerschool,g-02,b,french,second,mum,60,52,23,33,yes,bad,low,pass
female,usa,usa,lowerschool,g-02,b,french,second,mum,15,52,83,11,yes,bad,low,pass
female,lebanon,lebanon,lowerschool,g-02,b,french,second,mum,80,42,33,13,yes,bad,low,pass
male,lebanon,lebanon,lowerschool,g-02,b,french,second,mum,40,51,20,33,no,bad,low,pass
female,saudiarabia,saudiarabia,lowerschool,g-02,b,french,second,father,60,70,63,93,yes,bad,low,pass
male,jordan,jordan,lowerschool,g-02,b,french,second,father,50,62,13,33,no,bad,high,fail
male,kuwait,kuwait,middleschool,g-08,a,arabic,second,mum,85,75,62,53,yes,bad,low,pass
female,lebanon,lebanon,middleschool,g-08,a,arabic,second,father,25,15,32,53,no,bad,low,pass
male,lebanon,lebanon,middleschool,g-08,a,arabic,second,mum,10,35,30,13,no,bad,high,fail
male,lebanon,jordan,middleschool,g-08,a,arabic,second,mum,87,65,82,33,yes,good,low,pass
male,kuwait,kuwait,middleschool,g-08,a,arabic,second,mum,85,15,22,53,yes,good,low,pass
female,kuwait,kuwait,middleschool,g-08,a,arabic,second,father,80,71,52,51,yes,good,low,pass
male,kuwait,kuwait,middleschool,g-08,a,arabic,second,mum,75,71,72,53,yes,good,low,pass
female,kuwait,kuwait,middleschool,g-08,a,arabic,second,father,85,66,12,23,no,bad,low,pass
male,kuwait,kuwait,middleschool,g-08,a,arabic,second,father,23,25,32,53,no,bad,low,fail
male,kuwait,kuwait,middleschool,g-08,a,arabic,second,father,15,25,37,13,yes,good,high,fail
male,kuwait,kuwait,middleschool,g-08,a,arabic,second,mum,95,91,62,53,yes,good,low,pass
male,morocco,morocco,middleschool,g-08,a,arabic,second,mum,81,75,62,53,no,bad,low,pass
male,morocco,morocco,middleschool,g-08,a,arabic,second,mum,53,75,72,23,no,bad,low,pass
male,kuwait,kuwait,middleschool,g-08,a,arabic,second,father,15,43,42,33,yes,good,low,pass
male,kuwait,kuwait,middleschool,g-08,a,arabic,second,mum,92,65,62,53,yes,good,low,pass
male,kuwait,kuwait,middleschool,g-08,a,arabic,second,mum,83,75,62,53,no,bad,low,pass
male,morocco,morocco,middleschool,g-08,b,arabic,second,father,27,15,42,53,no,bad,high,fail
male,kuwait,kuwait,middleschool,g-08,b,arabic,second,father,45,95,12,13,no,bad,low,pass
male,kuwait,kuwait,middleschool,g-08,b,arabic,second,mum,15,90,52,83,yes,bad,low,pass
female,lebanon,lebanon,middleschool,g-08,a,arabic,second,mum,45,58,52,43,yes,good,low,pass
male,kuwait,kuwait,middleschool,g-08,b,arabic,second,father,25,5,12,33,yes,good,low,pass
female,kuwait,kuwait,middleschool,g-08,b,arabic,second,father,22,51,42,40,yes,bad,low,pass
male,jordan,jordan,middleschool,g-08,b,arabic,second,father,29,10,12,24,no,bad,high,fail
female,saudiarabia,saudiarabia,middleschool,g-08,b,arabic,second,mum,72,51,42,24,yes,bad,high,pass
male,kuwait,kuwait,middleschool,g-08,b,arabic,second,father,67,31,42,14,yes,good,low,pass
male,kuwait,kuwait,middleschool,g-08,c,spanish,second,father,17,21,42,14,yes,good,low,pass
male,tunis,tunis,middleschool,g-08,c,spanish,second,mum,27,41,49,14,no,bad,low,pass
male,kuwait,kuwait,middleschool,g-08,c,spanish,second,father,70,81,39,84,no,bad,low,pass
male,jordan,saudiarabia,middleschool,g-08,c,spanish,second,mum,27,90,82,14,yes,good,low,pass
male,kuwait,kuwait,middleschool,g-08,c,spanish,second,father,17,61,42,14,no,bad,low,pass
male,tunis,tunis,middleschool,g-08,c,spanish,second,mum,87,81,42,19,yes,good,low,pass
male,tunis,tunis,middleschool,g-08,c,spanish,second,father,7,61,22,14,no,bad,high,fail
male,kuwait,kuwait,middleschool,g-08,c,spanish,second,father,17,50,2,4,no,bad,high,fail
male,kuwait,kuwait,middleschool,g-08,c,spanish,second,father,5,21,42,14,no,good,high,fail
male,iran,iran,middleschool,g-08,c,spanish,second,mum,27,41,32,61,yes,bad,high,pass
female,jordan,kuwait,middleschool,g-08,c,spanish,second,father,87,88,40,10,yes,good,low,pass
male,kuwait,kuwait,middleschool,g-08,c,spanish,second,mum,96,61,42,94,yes,bad,low,pass
male,kuwait,kuwait,middleschool,g-08,c,spanish,second,mum,57,51,46,34,yes,good,low,pass
male,lebanon,lebanon,middleschool,g-08,c,spanish,second,father,77,69,41,13,yes,good,low,pass
male,lebanon,lebanon,middleschool,g-08,c,spanish,second,father,80,51,40,24,no,good,low,pass
male,kuwait,kuwait,middleschool,g-08,b,spanish,second,father,62,61,82,40,yes,bad,low,pass
male,kuwait,kuwait,middleschool,g-08,a,spanish,second,mum,72,83,12,90,yes,good,low,pass
male,kuwait,kuwait,middleschool,g-08,b,spanish,second,mum,87,81,22,70,yes,bad,low,pass
male,kuwait,kuwait,middleschool,g-08,a,spanish,second,mum,72,90,12,30,no,bad,low,pass
male,kuwait,kuwait,middleschool,g-08,b,spanish,second,father,2,11,62,30,no,bad,low,fail
male,kuwait,kuwait,middleschool,g-08,a,spanish,second,father,5,3,2,10,yes,good,low,fail
male,kuwait,kuwait,highschool,g-11,b,math,second,mum,73,84,77,81,yes,good,high,pass
male,kuwait,kuwait,middleschool,g-08,a,spanish,second,father,5,17,21,10,no,bad,high,fail
male,iran,iran,middleschool,g-08,a,spanish,second,mum,51,42,12,29,no,bad,high,pass
male,syria,jordan,middleschool,g-08,a,spanish,second,father,9,7,21,20,yes,good,high,fail
male,syria,syria,middleschool,g-07,a,quran,first,father,19,72,15,50,yes,good,high,pass
female,jordan,jordan,middleschool,g-07,b,science,second,mum,32,80,58,46,yes,good,high,pass
male,kuwait,kuwait,middleschool,g-07,b,science,second,mum,32,60,58,66,yes,good,high,pass
male,kuwait,kuwait,middleschool,g-07,b,science,second,father,12,8,18,26,no,bad,high,fail
male,jordan,jordan,middleschool,g-07,b,science,second,father,52,10,13,6,no,bad,high,fail
male,kuwait,kuwait,middleschool,g-07,b,science,second,father,72,80,58,66,yes,good,high,pass
female,kuwait,kuwait,middleschool,g-07,b,science,second,mum,72,80,58,66,yes,good,high,pass
male,egypt,egypt,middleschool,g-07,b,science,second,mum,92,80,88,76,yes,good,low,pass
male,kuwait,kuwait,middleschool,g-07,b,science,second,mum,72,80,98,96,yes,bad,low,pass
male,egypt,egypt,middleschool,g-07,b,science,second,father,72,80,58,86,yes,good,low,pass
male,kuwait,kuwait,middleschool,g-07,b,science,second,father,22,20,18,6,no,bad,high,fail
male,egypt,kuwait,middleschool,g-07,b,science,second,father,12,20,38,46,no,bad,high,pass
male,kuwait,kuwait,middleschool,g-07,b,it,second,mum,70,92,83,85,yes,bad,low,pass
female,kuwait,kuwait,middleschool,g-06,a,it,second,father,50,40,52,66,yes,bad,low,pass
female,kuwait,kuwait,middleschool,g-06,a,science,second,father,80,94,62,77,yes,good,low,pass
female,kuwait,kuwait,middleschool,g-06,a,math,second,father,87,48,82,96,no,bad,high,pass
female,kuwait,kuwait,middleschool,g-06,a,quran,second,father,70,40,2,16,no,bad,high,fail
male,kuwait,kuwait,lowerschool,g-04,a,it,second,father,65,86,62,40,no,good,high,pass
male,kuwait,kuwait,lowerschool,g-04,a,math,second,father,15,6,32,40,yes,good,low,pass
male,egypt,egypt,lowerschool,g-04,a,english,second,mum,19,74,32,17,no,good,high,fail
female,kuwait,kuwait,lowerschool,g-04,a,science,second,father,69,76,82,94,no,bad,low,pass
male,kuwait,kuwait,lowerschool,g-04,a,arabic,second,father,39,26,12,44,no,bad,high,fail
male,kuwait,kuwait,lowerschool,g-04,a,english,second,father,59,97,42,70,yes,good,low,pass
male,kuwait,kuwait,lowerschool,g-04,a,history,second,father,10,17,12,40,yes,good,low,pass
female,kuwait,kuwait,lowerschool,g-04,a,history,second,mum,80,87,72,60,no,good,low,pass
female,kuwait,kuwait,lowerschool,g-04,a,history,second,father,70,99,66,65,no,good,low,pass
female,kuwait,kuwait,lowerschool,g-04,a,history,second,father,80,97,86,95,yes,good,low,pass
male,kuwait,kuwait,lowerschool,g-04,a,english,second,mum,69,34,12,17,no,bad,high,fail
male,kuwait,kuwait,lowerschool,g-04,a,history,second,father,10,17,12,14,no,bad,high,fail
male,kuwait,kuwait,lowerschool,g-04,a,history,second,father,61,97,82,64,yes,bad,high,pass
female,kuwait,kuwait,lowerschool,g-04,a,history,second,mum,21,27,52,34,yes,good,high,pass
male,egypt,egypt,lowerschool,g-04,a,math,second,mum,49,94,42,7,no,bad,high,pass
female,jordan,jordan,middleschool,g-06,a,english,first,mum,70,64,42,32,no,bad,low,pass
female,jordan,jordan,middleschool,g-06,a,english,second,mum,79,84,82,37,no,bad,low,pass
male,jordan,jordan,middleschool,g-06,a,english,first,father,19,80,12,17,yes,good,high,pass
male,jordan,jordan,middleschool,g-06,a,english,second,father,11,70,32,29,yes,good,high,pass
male,jordan,jordan,middleschool,g-06,a,english,first,father,10,8,10,10,yes,bad,high,pass
male,jordan,jordan,middleschool,g-06,a,english,second,father,18,28,40,20,yes,bad,high,pass
female,jordan,jordan,middleschool,g-06,a,english,first,mum,90,84,52,30,no,good,low,pass
female,jordan,jordan,middleschool,g-06,a,english,second,mum,92,81,32,36,no,good,low,pass
male,jordan,jordan,middleschool,g-06,a,english,first,father,42,21,2,16,no,bad,low,pass
male,jordan,jordan,middleschool,g-06,a,english,second,father,22,20,6,26,no,bad,low,pass
female,lebanon,lebanon,middleschool,g-06,a,english,first,mum,95,82,82,70,yes,good,low,pass
female,lebanon,lebanon,middleschool,g-06,a,english,second,mum,90,62,80,60,yes,good,low,pass
male,palestine,jordan,middleschool,g-06,a,english,first,mum,72,21,22,26,yes,good,low,pass
male,palestine,jordan,middleschool,g-06,a,english,second,mum,92,31,42,27,yes,good,low,pass
male,palestine,jordan,middleschool,g-06,a,english,first,mum,82,31,52,25,no,good,low,pass
male,palestine,jordan,middleschool,g-06,a,english,second,mum,72,41,46,27,no,good,low,pass
male,iraq,iraq,middleschool,g-06,a,english,first,mum,74,71,56,37,no,good,low,pass
male,iraq,iraq,middleschool,g-06,a,english,second,mum,74,60,56,37,no,good,low,pass
female,jordan,jordan,middleschool,g-06,a,english,first,mum,95,94,72,80,no,good,low,pass
female,jordan,jordan,middleschool,g-06,a,english,second,mum,97,87,82,86,no,good,low,pass
male,jordan,jordan,middleschool,g-06,a,english,first,father,40,38,32,36,no,bad,high,pass
male,jordan,jordan,middleschool,g-06,a,english,second,father,41,39,35,39,yes,bad,high,pass
female,jordan,jordan,middleschool,g-06,a,english,first,mum,51,79,85,89,yes,good,low,pass
female,jordan,jordan,middleschool,g-06,a,english,second,mum,81,79,91,85,yes,good,low,pass
male,palestine,jordan,middleschool,g-06,a,english,first,mum,71,70,65,69,yes,good,low,pass
male,palestine,jordan,middleschool,g-06,a,english,second,mum,75,71,76,80,yes,good,low,pass
female,jordan,jordan,lowerschool,g-04,a,science,first,father,49,36,32,44,no,bad,high,fail
female,jordan,jordan,lowerschool,g-04,a,science,second,father,42,24,12,24,no,bad,high,fail
female,palestine,palestine,lowerschool,g-04,a,science,first,mum,90,86,82,74,yes,good,low,pass
female,palestine,palestine,lowerschool,g-04,a,science,second,mum,62,64,72,84,yes,good,low,pass
male,iraq,iraq,lowerschool,g-04,a,science,first,father,90,86,82,74,yes,good,high,pass
male,iraq,iraq,lowerschool,g-04,a,science,second,father,62,64,72,84,yes,good,high,pass
female,jordan,jordan,lowerschool,g-04,a,science,first,mum,98,87,86,84,no,good,low,pass
female,jordan,jordan,lowerschool,g-04,a,science,second,mum,72,74,82,89,no,good,low,pass
male,jordan,jordan,lowerschool,g-04,a,science,first,father,18,17,26,34,no,good,high,pass
male,jordan,jordan,lowerschool,g-04,a,science,second,father,32,14,32,29,no,good,high,pass
male,jordan,jordan,lowerschool,g-04,a,science,first,father,10,12,20,13,no,bad,high,fail
male,jordan,jordan,lowerschool,g-04,a,science,second,father,22,34,15,9,no,bad,high,fail
female,jordan,jordan,lowerschool,g-04,b,science,first,mum,11,20,21,23,no,bad,low,pass
female,jordan,jordan,lowerschool,g-04,b,science,second,mum,12,44,25,39,no,bad,low,pass
female,jordan,jordan,lowerschool,g-04,b,science,first,father,15,50,24,43,yes,bad,low,pass
female,jordan,jordan,lowerschool,g-04,b,science,second,father,32,44,29,89,yes,bad,low,pass
male,jordan,jordan,lowerschool,g-04,b,science,first,mum,65,59,74,83,yes,good,low,pass
male,jordan,jordan,lowerschool,g-04,b,science,second,mum,72,64,59,89,yes,good,low,pass
male,palestine,jordan,lowerschool,g-04,b,science,first,mum,95,57,74,89,yes,good,high,pass
male,palestine,jordan,lowerschool,g-04,b,science,second,mum,82,84,79,79,yes,good,high,pass
male,jordan,jordan,lowerschool,g-04,b,science,first,father,25,29,34,33,no,good,high,pass
male,jordan,jordan,lowerschool,g-04,b,science,second,father,42,34,29,39,no,good,high,pass
female,jordan,jordan,lowerschool,g-04,b,science,first,mum,55,79,44,43,yes,good,low,pass
female,jordan,jordan,lowerschool,g-04,b,science,second,mum,62,64,69,49,yes,good,low,pass
female,jordan,lebanon,lowerschool,g-04,b,science,first,mum,78,88,74,83,yes,good,low,pass
female,jordan,lebanon,lowerschool,g-04,b,science,second,mum,72,84,89,89,yes,good,low,pass
male,jordan,jordan,lowerschool,g-02,a,french,first,mum,60,92,83,23,yes,good,low,pass
male,jordan,jordan,lowerschool,g-02,a,french,second,mum,50,90,83,13,yes,good,low,pass
female,jordan,jordan,lowerschool,g-02,a,french,first,mum,60,97,13,3,yes,good,low,pass
female,jordan,jordan,lowerschool,g-02,a,french,second,mum,50,95,23,10,yes,good,low,pass
female,jordan,jordan,lowerschool,g-02,a,french,first,mum,60,87,23,11,yes,good,high,pass
female,jordan,jordan,lowerschool,g-02,a,french,second,mum,50,80,20,15,yes,good,high,pass
male,jordan,jordan,lowerschool,g-02,a,french,first,father,10,15,10,21,no,bad,high,fail
male,jordan,jordan,lowerschool,g-02,a,french,second,father,30,10,20,5,no,bad,high,fail
male,syria,syria,lowerschool,g-02,a,french,first,father,24,35,18,31,no,bad,low,pass
male,syria,syria,lowerschool,g-02,a,french,second,father,27,20,33,35,no,bad,low,pass
female,jordan,palestine,lowerschool,g-02,a,french,first,mum,80,77,63,83,yes,good,low,pass
female,jordan,palestine,lowerschool,g-02,a,french,second,mum,75,85,73,80,yes,good,low,pass
male,jordan,jordan,lowerschool,g-02,a,french,first,father,40,7,50,41,no,good,high,fail
male,jordan,jordan,lowerschool,g-02,a,french,second,father,35,2,29,33,no,good,high,fail
female,jordan,jordan,lowerschool,g-02,a,french,first,mum,10,90,30,21,no,good,low,pass
female,jordan,jordan,lowerschool,g-02,a,french,second,mum,25,80,29,23,no,good,low,pass
male,lybia,lybia,lowerschool,g-02,a,french,first,mum,10,8,9,3,no,good,high,fail
male,lybia,lybia,lowerschool,g-02,a,french,second,mum,15,7,12,7,no,good,high,fail
female,palestine,jordan,lowerschool,g-02,a,french,first,mum,70,90,20,21,no,good,low,pass
female,palestine,jordan,lowerschool,g-02,a,french,second,mum,75,80,15,20,no,good,low,pass
female,palestine,jordan,lowerschool,g-02,b,french,first,father,78,98,10,11,no,good,low,pass
female,palestine,jordan,lowerschool,g-02,b,french,second,father,79,89,11,14,no,good,low,pass
female,iraq,iraq,lowerschool,g-02,b,french,first,father,16,90,15,11,no,good,low,pass
female,iraq,iraq,lowerschool,g-02,b,french,second,father,17,80,13,10,no,good,low,pass
male,jordan,jordan,lowerschool,g-02,b,french,first,mum,40,87,50,41,no,bad,low,pass
male,jordan,jordan,lowerschool,g-02,b,french,second,mum,35,92,29,33,no,bad,low,pass
female,jordan,jordan,lowerschool,g-02,b,french,first,mum,14,97,15,14,no,good,low,pass
female,jordan,jordan,lowerschool,g-02,b,french,first,mum,13,82,20,30,no,good,low,pass
female,jordan,jordan,lowerschool,g-02,b,french,second,mum,24,97,15,14,no,good,low,pass
female,jordan,jordan,lowerschool,g-02,b,french,second,mum,23,82,20,30,no,good,low,pass
male,lybia,lybia,lowerschool,g-02,b,french,first,mum,20,3,9,3,no,good,high,fail
male,lybia,lybia,lowerschool,g-02,b,french,second,mum,15,4,12,7,no,good,high,fail
male,egypt,egypt,lowerschool,g-02,b,french,first,mum,5,13,6,6,no,good,high,fail
male,egypt,egypt,lowerschool,g-02,b,french,second,mum,7,9,11,10,no,good,high,fail
female,jordan,jordan,lowerschool,g-02,b,french,first,mum,10,94,40,11,yes,good,low,pass
female,jordan,jordan,lowerschool,g-02,b,french,second,mum,25,89,21,13,yes,good,low,pass
male,jordan,jordan,lowerschool,g-02,b,french,first,mum,30,98,42,21,yes,good,low,pass
male,jordan,jordan,lowerschool,g-02,b,french,second,mum,35,97,41,23,yes,good,low,pass
male,jordan,jordan,lowerschool,g-02,b,french,first,father,32,88,32,25,yes,good,low,pass
male,jordan,jordan,lowerschool,g-02,b,french,second,father,25,87,21,27,yes,good,low,pass
female,lebanon,lebanon,lowerschool,g-02,b,french,first,mum,72,98,52,15,yes,good,low,pass
female,lebanon,lebanon,lowerschool,g-02,b,french,second,mum,75,90,51,17,yes,good,low,pass
male,jordan,jordan,lowerschool,g-02,a,arabic,first,father,20,88,31,28,yes,good,high,pass
male,jordan,jordan,lowerschool,g-02,a,arabic,second,father,10,98,41,38,yes,good,high,pass
male,palestine,jordan,lowerschool,g-02,a,arabic,first,father,90,98,41,38,yes,good,low,pass
male,palestine,jordan,lowerschool,g-02,a,arabic,second,father,80,88,51,39,yes,good,low,pass
male,iraq,iraq,lowerschool,g-02,a,arabic,first,father,80,95,21,28,yes,good,low,pass
male,iraq,iraq,lowerschool,g-02,a,arabic,second,father,78,70,31,29,yes,good,low,pass
male,jordan,jordan,lowerschool,g-02,a,arabic,first,father,10,18,71,38,yes,good,high,pass
male,jordan,jordan,lowerschool,g-02,a,arabic,second,father,10,58,51,48,yes,good,high,pass
female,palestine,jordan,lowerschool,g-02,a,arabic,first,mum,98,88,60,31,no,good,low,pass
female,palestine,jordan,lowerschool,g-02,a,arabic,second,mum,75,81,51,34,no,good,low,pass
male,jordan,jordan,lowerschool,g-02,a,arabic,first,father,10,17,50,21,no,bad,low,pass
male,jordan,jordan,lowerschool,g-02,a,arabic,second,father,35,2,29,23,no,bad,low,pass
female,jordan,jordan,lowerschool,g-02,a,arabic,first,father,10,20,22,97,no,bad,high,fail
female,jordan,jordan,lowerschool,g-02,a,arabic,second,father,5,9,19,98,no,bad,high,fail
male,jordan,jordan,lowerschool,g-02,b,arabic,first,father,10,10,40,51,no,bad,high,fail
male,jordan,jordan,lowerschool,g-02,b,arabic,second,father,35,2,29,23,no,bad,high,fail
male,jordan,jordan,lowerschool,g-02,b,arabic,first,mum,20,90,50,61,yes,bad,high,pass
male,jordan,jordan,lowerschool,g-02,b,arabic,second,mum,32,82,59,63,yes,bad,high,pass
male,jordan,jordan,lowerschool,g-02,b,arabic,first,father,10,30,50,91,yes,bad,high,fail
male,jordan,jordan,lowerschool,g-02,b,arabic,second,father,12,22,59,83,yes,bad,high,fail
female,jordan,jordan,lowerschool,g-02,b,arabic,first,father,11,20,20,98,no,bad,high,fail
female,jordan,jordan,lowerschool,g-02,b,arabic,second,father,10,12,29,93,no,bad,high,fail
male,iraq,iraq,lowerschool,g-02,b,arabic,first,mum,69,82,20,28,yes,good,low,pass
male,iraq,iraq,lowerschool,g-02,b,arabic,second,mum,70,83,29,33,yes,good,low,pass
female,iraq,iraq,lowerschool,g-02,b,arabic,first,mum,89,92,40,28,yes,good,low,pass
female,iraq,iraq,lowerschool,g-02,b,arabic,second,mum,79,93,49,23,yes,good,low,pass
male,jordan,jordan,lowerschool,g-02,b,arabic,first,mum,15,90,21,97,yes,good,low,pass
male,jordan,jordan,lowerschool,g-02,b,arabic,second,mum,20,77,31,88,yes,good,low,pass
male,jordan,saudiarabia,lowerschool,g-02,b,arabic,first,mum,4,10,11,7,no,good,high,fail
male,jordan,saudiarabia,lowerschool,g-02,b,arabic,second,mum,5,0,1,8,no,good,high,fail
female,jordan,jordan,middleschool,g-07,a,biology,first,mum,88,81,50,10,yes,good,high,pass
female,jordan,jordan,middleschool,g-07,a,biology,second,mum,90,88,54,12,yes,good,high,pass
female,iraq,iraq,middleschool,g-07,a,biology,first,mum,86,98,50,20,yes,good,low,pass
female,iraq,iraq,middleschool,g-07,a,biology,second,mum,90,90,57,22,yes,good,low,pass
male,jordan,palestine,middleschool,g-07,a,biology,first,mum,78,91,50,40,yes,good,low,pass
male,jordan,palestine,middleschool,g-07,a,biology,second,mum,70,98,54,72,yes,good,low,pass
male,jordan,jordan,middleschool,g-07,a,biology,first,father,80,80,46,61,yes,bad,low,pass
male,jordan,jordan,middleschool,g-07,a,biology,second,father,85,82,59,63,yes,bad,low,pass
male,palestine,palestine,middleschool,g-07,a,biology,first,father,88,90,86,81,yes,good,low,pass
male,palestine,palestine,middleschool,g-07,a,biology,second,father,89,92,89,83,yes,good,low,pass
male,jordan,jordan,middleschool,g-07,a,biology,first,father,39,71,40,26,no,good,high,pass
male,jordan,jordan,middleschool,g-07,a,biology,second,father,35,80,34,22,no,good,high,pass
male,jordan,jordan,middleschool,g-07,a,biology,first,father,76,81,80,86,no,good,low,pass
male,jordan,jordan,middleschool,g-07,a,biology,second,father,65,89,64,82,no,good,low,pass
female,syria,syria,middleschool,g-07,a,biology,first,mum,96,95,70,70,yes,good,low,pass
female,syria,syria,middleschool,g-07,a,biology,second,mum,80,91,87,72,yes,good,low,pass
male,jordan,jordan,middleschool,g-07,a,biology,first,mum,2,9,10,1,no,bad,high,fail
male,jordan,jordan,middleschool,g-07,a,biology,second,mum,3,8,19,3,no,bad,high,fail
male,jordan,jordan,middleschool,g-07,b,biology,first,father,50,79,10,31,no,bad,low,pass
male,jordan,jordan,middleschool,g-07,b,biology,second,father,53,88,9,33,no,bad,low,pass
female,jordan,jordan,middleschool,g-07,b,biology,first,mum,70,89,12,21,no,good,low,pass
female,jordan,jordan,middleschool,g-07,b,biology,second,mum,59,90,19,43,no,good,low,pass
male,palestine,jordan,middleschool,g-07,b,biology,first,father,78,80,66,51,yes,good,low,pass
male,palestine,jordan,middleschool,g-07,b,biology,second,father,79,72,79,83,yes,good,low,pass
female,lybia,lybia,middleschool,g-07,b,biology,first,mum,10,9,2,1,no,good,high,fail
female,lybia,lybia,middleschool,g-07,b,biology,second,mum,9,7,9,3,no,good,high,fail
male,iraq,iraq,middleschool,g-07,b,biology,first,father,98,90,86,71,yes,good,low,pass
male,iraq,iraq,middleschool,g-07,b,biology,second,father,89,92,89,83,yes,good,low,pass
male,palestine,jordan,middleschool,g-07,b,biology,first,father,88,90,76,81,yes,good,low,pass
male,palestine,jordan,middleschool,g-07,b,biology,second,father,99,96,89,84,yes,good,low,pass
female,jordan,jordan,middleschool,g-08,a,chemistry,first,mum,82,89,22,31,yes,good,low,pass
female,jordan,jordan,middleschool,g-08,a,chemistry,second,mum,84,92,29,43,yes,good,low,pass
female,jordan,jordan,middleschool,g-08,a,geology,first,mum,70,69,46,45,yes,good,high,pass
female,jordan,jordan,middleschool,g-08,a,geology,second,mum,74,62,49,43,yes,good,high,pass
female,jordan,jordan,middleschool,g-08,a,geology,first,mum,90,79,76,79,yes,good,low,pass
female,jordan,jordan,middleschool,g-08,a,geology,second,mum,84,77,79,68,yes,good,low,pass
male,jordan,jordan,middleschool,g-08,a,chemistry,first,mum,80,80,62,11,yes,good,high,pass
male,jordan,jordan,middleschool,g-08,a,chemistry,second,mum,81,82,69,13,yes,good,high,pass
male,jordan,saudiarabia,middleschool,g-08,a,chemistry,first,father,10,0,2,41,no,bad,high,fail
male,jordan,saudiarabia,middleschool,g-08,a,chemistry,second,father,11,2,9,49,no,bad,high,fail
male,jordan,saudiarabia,middleschool,g-08,a,geology,first,father,85,89,22,61,no,bad,low,pass
male,jordan,saudiarabia,middleschool,g-08,a,geology,second,father,80,89,23,68,no,bad,low,pass
male,jordan,saudiarabia,middleschool,g-08,a,geology,first,father,95,87,62,81,no,bad,low,pass
male,jordan,saudiarabia,middleschool,g-08,a,geology,second,father,87,79,73,98,no,bad,low,pass
male,jordan,jordan,middleschool,g-08,a,chemistry,first,mum,85,87,72,10,yes,good,high,pass
male,jordan,jordan,middleschool,g-08,a,chemistry,second,mum,79,88,79,20,yes,good,high,pass
male,jordan,jordan,middleschool,g-08,a,geology,first,mum,80,81,71,30,yes,good,low,pass
male,jordan,jordan,middleschool,g-08,a,geology,second,mum,70,83,70,23,yes,good,low,pass
male,jordan,jordan,middleschool,g-08,a,chemistry,first,mum,80,82,76,19,yes,good,low,pass
male,jordan,jordan,middleschool,g-08,a,chemistry,second,mum,70,82,75,29,yes,good,low,pass
male,jordan,jordan,middleschool,g-08,a,geology,first,mum,89,87,86,15,yes,good,low,pass
male,jordan,jordan,middleschool,g-08,a,geology,second,mum,90,86,85,10,yes,good,low,pass
male,jordan,jordan,middleschool,g-08,a,history,first,mum,69,77,76,75,yes,good,high,pass
male,jordan,jordan,middleschool,g-08,a,history,second,mum,70,76,65,70,yes,good,high,pass
male,jordan,jordan,middleschool,g-08,a,chemistry,first,mum,75,72,64,39,yes,good,high,fail
male,jordan,jordan,middleschool,g-08,a,chemistry,second,mum,72,76,66,40,yes,good,high,fail
male,jordan,jordan,middleschool,g-08,a,geology,first,mum,77,82,74,79,yes,good,low,pass
male,jordan,jordan,middleschool,g-08,a,geology,second,mum,71,84,67,80,yes,good,low,pass
male,jordan,jordan,middleschool,g-08,a,history,first,mum,87,92,74,89,yes,good,low,pass
male,jordan,jordan,middleschool,g-08,a,history,second,mum,81,84,77,85,yes,good,low,pass
female,jordan,jordan,middleschool,g-08,a,chemistry,first,father,15,97,22,10,yes,good,low,pass
female,jordan,jordan,middleschool,g-08,a,chemistry,second,father,19,98,20,2,yes,good,low,pass
female,jordan,jordan,middleschool,g-08,a,geology,first,father,25,82,52,20,yes,good,high,pass
female,jordan,jordan,middleschool,g-08,a,geology,second,father,29,78,40,12,yes,good,high,pass
female,jordan,jordan,middleschool,g-08,a,history,first,father,45,87,57,80,yes,good,low,pass
female,jordan,jordan,middleschool,g-08,a,history,second,father,39,88,43,72,yes,good,low,pass
female,jordan,jordan,middleschool,g-08,a,chemistry,first,father,85,90,52,30,yes,good,low,pass
female,jordan,jordan,middleschool,g-08,a,chemistry,second,father,79,91,49,22,yes,good,low,pass
male,iraq,iraq,middleschool,g-08,a,chemistry,first,father,90,91,80,81,yes,good,low,pass
male,iraq,iraq,middleschool,g-08,a,chemistry,second,father,80,90,80,83,yes,good,low,pass
male,iraq,iraq,middleschool,g-08,a,geology,first,father,80,83,82,71,yes,good,high,pass
male,iraq,iraq,middleschool,g-08,a,geology,second,father,71,81,83,72,yes,good,high,pass
male,iraq,iraq,middleschool,g-08,a,history,first,father,72,87,72,89,yes,good,high,pass
male,iraq,iraq,middleschool,g-08,a,history,second,father,69,77,83,92,yes,good,high,pass
female,jordan,jordan,middleschool,g-08,a,chemistry,first,mum,85,99,42,90,yes,good,low,pass
female,jordan,jordan,middleschool,g-08,a,chemistry,second,mum,89,96,45,92,yes,good,low,pass
female,jordan,jordan,middleschool,g-08,a,geology,first,mum,80,82,64,58,yes,good,low,pass
female,jordan,jordan,middleschool,g-08,a,geology,second,mum,87,93,63,60,yes,good,low,pass
female,jordan,jordan,middleschool,g-08,a,chemistry,first,father,15,9,14,80,no,bad,high,fail
female,jordan,jordan,middleschool,g-08,a,chemistry,second,father,9,6,15,85,no,bad,high,fail
male,palestine,jordan,middleschool,g-08,a,history,first,father,81,86,86,41,yes,good,low,pass
male,palestine,jordan,middleschool,g-08,a,history,second,father,78,82,78,53,yes,good,low,pass
male,palestine,palestine,middleschool,g-08,a,geology,first,father,80,87,74,68,yes,good,low,pass
male,palestine,palestine,middleschool,g-08,a,geology,second,father,85,88,79,70,yes,good,low,pass
female,jordan,jordan,middleschool,g-08,a,chemistry,first,father,2,7,4,8,no,bad,high,fail
female,jordan,jordan,middleschool,g-08,a,chemistry,second,father,5,4,5,8,no,bad,high,fail
female,jordan,jordan,middleschool,g-08,a,geology,first,father,50,77,14,28,no,bad,low,pass
female,jordan,jordan,middleschool,g-08,a,geology,second,father,55,74,25,29,no,bad,low,pass
female,jordan,jordan,middleschool,g-08,a,history,first,father,30,17,14,57,no,bad,high,fail
female,jordan,jordan,middleschool,g-08,a,history,second,father,35,14,23,62,no,bad,high,fail
